{"cameraMode":{"drawMode":0,"name":"Shaded","section":"Shading Mode"},"sceneLighting":true,"audioPlay":false,"sceneViewState":{"m_AlwaysRefresh":false,"showFog":true,"showSkybox":true,"showFlares":true,"showImageEffects":true,"showParticleSystems":true,"showVisualEffectGraphs":true,"m_FxEnabled":true},"in2DMode":false,"pivot":{"x":25.43739128112793,"y":1.9709476232528687,"z":18.210721969604493},"rotation":{"x":0.0018510064110159875,"y":-0.9221210479736328,"z":0.004453126806765795,"w":0.38703620433807375},"size":4.723610877990723,"orthographic":false}