{"cameraMode":{"drawMode":0,"name":"Shaded","section":"Shading Mode"},"sceneLighting":true,"audioPlay":false,"sceneViewState":{"m_AlwaysRefresh":false,"showFog":true,"showSkybox":true,"showFlares":true,"showImageEffects":true,"showParticleSystems":true,"showVisualEffectGraphs":true,"m_FxEnabled":true},"in2DMode":false,"pivot":{"x":25.225635528564454,"y":3.790776491165161,"z":36.30527877807617},"rotation":{"x":0.14755284786224366,"y":0.6904107928276062,"z":0.16897951066493989,"w":-0.6949888467788696},"size":0.2718900740146637,"orthographic":false}