{"cameraMode":{"drawMode":0,"name":"Shaded","section":"Shading Mode"},"sceneLighting":true,"audioPlay":false,"sceneViewState":{"m_AlwaysRefresh":false,"showFog":true,"showSkybox":true,"showFlares":true,"showImageEffects":true,"showParticleSystems":true,"showVisualEffectGraphs":true,"m_FxEnabled":true},"in2DMode":false,"pivot":{"x":-6.6165900230407719,"y":1.5964577198028565,"z":-8.450907707214356},"rotation":{"x":-0.20247797667980195,"y":0.3239649534225464,"z":-0.07119209319353104,"w":-0.9214081764221191},"size":1.9498653411865235,"orthographic":false}