{"cameraMode":{"drawMode":0,"name":"Shaded","section":"Shading Mode"},"sceneLighting":true,"audioPlay":false,"sceneViewState":{"m_AlwaysRefresh":false,"showFog":true,"showSkybox":true,"showFlares":true,"showImageEffects":true,"showParticleSystems":true,"showVisualEffectGraphs":true,"m_FxEnabled":true},"in2DMode":false,"pivot":{"x":34.524288177490237,"y":-0.5031583309173584,"z":10.16171932220459},"rotation":{"x":-0.0019404845079407096,"y":-0.9932859539985657,"z":0.12745878100395204,"w":-0.049887556582689288},"size":6.792175769805908,"orthographic":false}