{"cameraMode":{"drawMode":0,"name":"Shaded","section":"Shading Mode"},"sceneLighting":true,"audioPlay":false,"sceneViewState":{"m_AlwaysRefresh":false,"showFog":true,"showSkybox":true,"showFlares":true,"showImageEffects":true,"showParticleSystems":true,"showVisualEffectGraphs":true,"m_FxEnabled":true},"in2DMode":false,"pivot":{"x":-10.095325469970704,"y":0.28423845767974856,"z":-6.435328483581543},"rotation":{"x":-0.19870442152023316,"y":-0.3974655568599701,"z":0.08859121054410935,"w":-0.8914646506309509},"size":1.9498653411865235,"orthographic":false}