{"cameraMode":{"drawMode":0,"name":"Shaded","section":"Shading Mode"},"sceneLighting":false,"audioPlay":false,"sceneViewState":{"m_AlwaysRefresh":false,"showFog":true,"showSkybox":true,"showFlares":true,"showImageEffects":true,"showParticleSystems":true,"showVisualEffectGraphs":true,"m_FxEnabled":true},"in2DMode":false,"pivot":{"x":27.34075927734375,"y":2.048553228378296,"z":27.707780838012697},"rotation":{"x":-0.012100654654204846,"y":-0.9846903085708618,"z":0.11046694964170456,"w":-0.15119628608226777},"size":0.8660253882408142,"orthographic":false}